dress_sku,barcode,status,size_discount_percentage,size_discount_active,created_at,updated_at
FW25-0150-S,5071502001,available,0.00,false,"2024-12-31 19:00:00","2024-12-31 19:00:00"
FW25-0150-M,5071502002,available,0.00,false,"2024-12-31 19:00:00","2024-12-31 19:00:00"
FW25-0150-L,5071502003,available,0.00,false,"2024-12-31 19:00:00","2024-12-31 19:00:00"
FW25-0150-XL,5071502004,available,0.00,false,"2024-12-31 19:00:00","2024-12-31 19:00:00"
FW25-0150-S,5071502005,available,0.00,false,"2024-12-31 19:00:00","2024-12-31 19:00:00"
FW25-0150-M,5071502006,available,0.00,false,"2024-12-31 19:00:00","2024-12-31 19:00:00"
FW25-0150-L,5071502007,available,0.00,false,"2024-12-31 19:00:00","2024-12-31 19:00:00"
FW25-0150-XL,5071502008,available,0.00,false,"2024-12-31 19:00:00","2024-12-31 19:00:00"
FW25-0160-S,5071502009,available,0.00,false,"2024-12-31 19:00:00","2024-12-31 19:00:00"
FW25-0160-M,5071502010,available,0.00,false,"2024-12-31 19:00:00","2024-12-31 19:00:00"
FW25-0160-L,5071502011,available,0.00,false,"2024-12-31 19:00:00","2024-12-31 19:00:00"
FW25-0160-XL,5071502012,available,0.00,false,"2024-12-31 19:00:00","2024-12-31 19:00:00"
FW25-0160-S,5071502013,available,0.00,false,"2024-12-31 19:00:00","2024-12-31 19:00:00"
FW25-0160-M,5071502014,available,0.00,false,"2024-12-31 19:00:00","2024-12-31 19:00:00"
FW25-0160-L,5071502015,available,0.00,false,"2024-12-31 19:00:00","2024-12-31 19:00:00"
FW25-0160-XL,5071502016,available,0.00,false,"2024-12-31 19:00:00","2024-12-31 19:00:00"
FW25-0140-S,5071502017,available,0.00,false,"2024-12-31 19:00:00","2024-12-31 19:00:00"
FW25-0140-M,5071502018,available,0.00,false,"2024-12-31 19:00:00","2024-12-31 19:00:00"
FW25-0140-L,5071502019,available,0.00,false,"2024-12-31 19:00:00","2024-12-31 19:00:00"
FW25-0140-XL,5071502020,available,0.00,false,"2024-12-31 19:00:00","2024-12-31 19:00:00"
FW25-0140-S,5071502021,available,0.00,false,"2024-12-31 19:00:00","2024-12-31 19:00:00"
FW25-0140-M,5071502022,available,0.00,false,"2024-12-31 19:00:00","2024-12-31 19:00:00"
FW25-0140-L,5071502023,available,0.00,false,"2024-12-31 19:00:00","2024-12-31 19:00:00"
FW25-0140-XL,5071502024,available,0.00,false,"2024-12-31 19:00:00","2024-12-31 19:00:00"
FW25-0130-S,5071502025,available,0.00,false,"2024-12-31 19:00:00","2024-12-31 19:00:00"
FW25-0130-M,5071502026,available,0.00,false,"2024-12-31 19:00:00","2024-12-31 19:00:00"
FW25-0130-L,5071502027,available,0.00,false,"2024-12-31 19:00:00","2024-12-31 19:00:00"
FW25-0130-XL,5071502028,available,0.00,false,"2024-12-31 19:00:00","2024-12-31 19:00:00"
FW25-0120-S,5071502033,available,0.00,false,"2024-12-31 19:00:00","2024-12-31 19:00:00"
FW25-0120-M,5071502034,available,0.00,false,"2024-12-31 19:00:00","2024-12-31 19:00:00"
FW25-0120-L,5071502035,available,0.00,false,"2024-12-31 19:00:00","2024-12-31 19:00:00"
FW25-0120-XL,5071502036,available,0.00,false,"2024-12-31 19:00:00","2024-12-31 19:00:00"
FW25-0120-S,5071502037,available,0.00,false,"2024-12-31 19:00:00","2024-12-31 19:00:00"
FW25-0120-M,5071502038,available,0.00,false,"2024-12-31 19:00:00","2024-12-31 19:00:00"
FW25-0120-L,5071502039,available,0.00,false,"2024-12-31 19:00:00","2024-12-31 19:00:00"
FW25-0120-XL,5071502040,available,0.00,false,"2024-12-31 19:00:00","2024-12-31 19:00:00"
FW25-0110-S,5071502041,available,0.00,false,"2024-12-31 19:00:00","2024-12-31 19:00:00"
FW25-0110-M,5071502042,available,0.00,false,"2024-12-31 19:00:00","2024-12-31 19:00:00"
FW25-0110-L,5071502043,available,0.00,false,"2024-12-31 19:00:00","2024-12-31 19:00:00"
FW25-0110-XL,5071502044,available,0.00,false,"2024-12-31 19:00:00","2024-12-31 19:00:00"
FW25-0110-S,5071502045,available,0.00,false,"2024-12-31 19:00:00","2024-12-31 19:00:00"
FW25-0110-M,5071502046,available,0.00,false,"2024-12-31 19:00:00","2024-12-31 19:00:00"
FW25-0110-L,5071502047,available,0.00,false,"2024-12-31 19:00:00","2024-12-31 19:00:00"
FW25-0110-XL,5071502048,available,0.00,false,"2024-12-31 19:00:00","2024-12-31 19:00:00"
FW25-0100-S,5071502049,available,0.00,false,"2024-12-31 19:00:00","2024-12-31 19:00:00"
FW25-0100-M,5071502050,available,0.00,false,"2024-12-31 19:00:00","2024-12-31 19:00:00"
FW25-0100-L,5071502051,available,0.00,false,"2024-12-31 19:00:00","2024-12-31 19:00:00"
FW25-0100-XL,5071502052,available,0.00,false,"2024-12-31 19:00:00","2024-12-31 19:00:00"
FW25-0100-S,5071502053,available,0.00,false,"2024-12-31 19:00:00","2024-12-31 19:00:00"
FW25-0100-M,5071502054,available,0.00,false,"2024-12-31 19:00:00","2024-12-31 19:00:00"
FW25-0100-L,5071502055,available,0.00,false,"2024-12-31 19:00:00","2024-12-31 19:00:00"
FW25-0100-XL,5071502056,available,0.00,false,"2024-12-31 19:00:00","2024-12-31 19:00:00"
FW25-090-S,5071502057,available,0.00,false,"2024-12-31 19:00:00","2024-12-31 19:00:00"
FW25-090-M,5071502058,available,0.00,false,"2024-12-31 19:00:00","2024-12-31 19:00:00"
FW25-090-L,5071502059,available,0.00,false,"2024-12-31 19:00:00","2024-12-31 19:00:00"
FW25-090-XL,5071502060,available,0.00,false,"2024-12-31 19:00:00","2024-12-31 19:00:00"
FW25-090-S,5071502061,available,0.00,false,"2024-12-31 19:00:00","2024-12-31 19:00:00"
FW25-090-M,5071502062,available,0.00,false,"2024-12-31 19:00:00","2024-12-31 19:00:00"
FW25-090-L,5071502063,available,0.00,false,"2024-12-31 19:00:00","2024-12-31 19:00:00"
FW25-090-XL,5071502064,available,0.00,false,"2024-12-31 19:00:00","2024-12-31 19:00:00"
FW25-080-S,5071502065,available,0.00,false,"2024-12-31 19:00:00","2024-12-31 19:00:00"
FW25-080-M,5071502066,available,0.00,false,"2024-12-31 19:00:00","2024-12-31 19:00:00"
FW25-080-L,5071502067,available,0.00,false,"2024-12-31 19:00:00","2024-12-31 19:00:00"
FW25-080-XL,5071502068,available,0.00,false,"2024-12-31 19:00:00","2024-12-31 19:00:00"
FW25-080-S,5071502069,available,0.00,false,"2024-12-31 19:00:00","2024-12-31 19:00:00"
FW25-080-M,5071502070,available,0.00,false,"2024-12-31 19:00:00","2024-12-31 19:00:00"
FW25-080-L,5071502071,available,0.00,false,"2024-12-31 19:00:00","2024-12-31 19:00:00"
FW25-080-XL,5071502072,available,0.00,false,"2024-12-31 19:00:00","2024-12-31 19:00:00"
FW25-070-S,5071502073,available,0.00,false,"2024-12-31 19:00:00","2024-12-31 19:00:00"
FW25-070-M,5071502074,available,0.00,false,"2024-12-31 19:00:00","2024-12-31 19:00:00"
FW25-070-L,5071502075,available,0.00,false,"2024-12-31 19:00:00","2024-12-31 19:00:00"
FW25-070-XL,5071502076,available,0.00,false,"2024-12-31 19:00:00","2024-12-31 19:00:00"
FW25-070-S,5071502077,available,0.00,false,"2024-12-31 19:00:00","2024-12-31 19:00:00"
FW25-070-M,5071502078,available,0.00,false,"2024-12-31 19:00:00","2024-12-31 19:00:00"
FW25-070-XL,5071502080,available,0.00,false,"2024-12-31 19:00:00","2024-12-31 19:00:00"
FW25-060-S,5071502081,available,0.00,false,"2024-12-31 19:00:00","2024-12-31 19:00:00"
FW25-060-M,5071502082,available,0.00,false,"2024-12-31 19:00:00","2024-12-31 19:00:00"
FW25-060-L,5071502083,available,0.00,false,"2024-12-31 19:00:00","2024-12-31 19:00:00"
FW25-060-XL,5071502084,available,0.00,false,"2024-12-31 19:00:00","2024-12-31 19:00:00"
FW25-060-S,5071502085,available,0.00,false,"2024-12-31 19:00:00","2024-12-31 19:00:00"
FW25-060-M,5071502086,available,0.00,false,"2024-12-31 19:00:00","2024-12-31 19:00:00"
FW25-060-L,5071502087,available,0.00,false,"2024-12-31 19:00:00","2024-12-31 19:00:00"
FW25-060-XL,5071502088,available,0.00,false,"2024-12-31 19:00:00","2024-12-31 19:00:00"
FW25-050-S,5071502089,available,0.00,false,"2024-12-31 19:00:00","2024-12-31 19:00:00"
FW25-050-M,5071502090,available,0.00,false,"2024-12-31 19:00:00","2024-12-31 19:00:00"
FW25-050-L,5071502091,available,0.00,false,"2024-12-31 19:00:00","2024-12-31 19:00:00"
FW25-050-XL,5071502092,available,0.00,false,"2024-12-31 19:00:00","2024-12-31 19:00:00"
FW25-050-S,5071502093,available,0.00,false,"2024-12-31 19:00:00","2024-12-31 19:00:00"
FW25-050-M,5071502094,available,0.00,false,"2024-12-31 19:00:00","2024-12-31 19:00:00"
FW25-050-L,5071502095,available,0.00,false,"2024-12-31 19:00:00","2024-12-31 19:00:00"
FW25-050-XL,5071502096,available,0.00,false,"2024-12-31 19:00:00","2024-12-31 19:00:00"
FW25-040-S,5071502097,available,0.00,false,"2024-12-31 19:00:00","2024-12-31 19:00:00"
FW25-040-M,5071502098,available,0.00,false,"2024-12-31 19:00:00","2024-12-31 19:00:00"
FW25-040-L,5071502099,available,0.00,false,"2024-12-31 19:00:00","2024-12-31 19:00:00"
FW25-040-XL,5071502100,available,0.00,false,"2024-12-31 19:00:00","2024-12-31 19:00:00"
FW25-040-S,5071502101,available,0.00,false,"2024-12-31 19:00:00","2024-12-31 19:00:00"
FW25-040-M,5071502102,available,0.00,false,"2024-12-31 19:00:00","2024-12-31 19:00:00"
FW25-040-L,5071502103,available,0.00,false,"2024-12-31 19:00:00","2024-12-31 19:00:00"
FW25-040-XL,5071502104,available,0.00,false,"2024-12-31 19:00:00","2024-12-31 19:00:00"
FW25-030-S,5071502105,available,0.00,false,"2024-12-31 19:00:00","2024-12-31 19:00:00"
FW25-030-M,5071502106,available,0.00,false,"2024-12-31 19:00:00","2024-12-31 19:00:00"
FW25-030-L,5071502107,available,0.00,false,"2024-12-31 19:00:00","2024-12-31 19:00:00"
FW25-030-XL,5071502108,available,0.00,false,"2024-12-31 19:00:00","2024-12-31 19:00:00"
FW25-030-S,5071502109,available,0.00,false,"2024-12-31 19:00:00","2024-12-31 19:00:00"
FW25-030-M,5071502110,available,0.00,false,"2024-12-31 19:00:00","2024-12-31 19:00:00"
FW25-030-L,5071502111,available,0.00,false,"2024-12-31 19:00:00","2024-12-31 19:00:00"
FW25-030-XL,5071502112,available,0.00,false,"2024-12-31 19:00:00","2024-12-31 19:00:00"
FW25-02-S,5071502113,available,0.00,false,"2024-12-31 19:00:00","2024-12-31 19:00:00"
FW25-02-M,5071502114,available,0.00,false,"2024-12-31 19:00:00","2024-12-31 19:00:00"
FW25-02-L,5071502115,available,0.00,false,"2024-12-31 19:00:00","2024-12-31 19:00:00"
FW25-02-XL,5071502116,available,0.00,false,"2024-12-31 19:00:00","2024-12-31 19:00:00"
FW25-01-S,5071502121,available,0.00,false,"2024-12-31 19:00:00","2024-12-31 19:00:00"
FW25-01-M,5071502122,available,0.00,false,"2024-12-31 19:00:00","2024-12-31 19:00:00"
FW25-01-L,5071502123,available,0.00,false,"2024-12-31 19:00:00","2024-12-31 19:00:00"
FW25-01-XL,5071502124,available,0.00,false,"2024-12-31 19:00:00","2024-12-31 19:00:00"
FW25-01-S,5071502125,available,0.00,false,"2024-12-31 19:00:00","2024-12-31 19:00:00"
FW25-01-M,5071502126,available,0.00,false,"2024-12-31 19:00:00","2024-12-31 19:00:00"
FW25-01-L,5071502127,available,0.00,false,"2024-12-31 19:00:00","2024-12-31 19:00:00"
FW25-01-XL,5071502128,available,0.00,false,"2024-12-31 19:00:00","2024-12-31 19:00:00"
TSP-25110-S,5071502129,available,0.00,false,"2024-12-31 19:00:00","2024-12-31 19:00:00"
TSP-25110-M,5071502130,available,0.00,false,"2024-12-31 19:00:00","2024-12-31 19:00:00"
TSP-25110-L,5071502131,available,0.00,false,"2024-12-31 19:00:00","2024-12-31 19:00:00"
TSP-25110-XL,5071502132,available,0.00,false,"2024-12-31 19:00:00","2024-12-31 19:00:00"
TSP-25110-S,5071502133,available,0.00,false,"2024-12-31 19:00:00","2024-12-31 19:00:00"
TSP-25110-M,5071502134,available,0.00,false,"2024-12-31 19:00:00","2024-12-31 19:00:00"
TSP-25110-L,5071502135,available,0.00,false,"2024-12-31 19:00:00","2024-12-31 19:00:00"
TSP-25110-XL,5071502136,available,0.00,false,"2024-12-31 19:00:00","2024-12-31 19:00:00"
TSP-25210-S,5071502137,available,0.00,false,"2024-12-31 19:00:00","2024-12-31 19:00:00"
TSP-25210-M,5071502138,available,0.00,false,"2024-12-31 19:00:00","2024-12-31 19:00:00"
TSP-25210-L,5071502139,available,0.00,false,"2024-12-31 19:00:00","2024-12-31 19:00:00"
TSP-25210-XL,5071502140,available,0.00,false,"2024-12-31 19:00:00","2024-12-31 19:00:00"
TSP-25210-S,5071502141,available,0.00,false,"2024-12-31 19:00:00","2024-12-31 19:00:00"
TSP-25210-M,5071502142,available,0.00,false,"2024-12-31 19:00:00","2024-12-31 19:00:00"
TSP-25210-L,5071502143,available,0.00,false,"2024-12-31 19:00:00","2024-12-31 19:00:00"
TSP-25210-XL,5071502144,available,0.00,false,"2024-12-31 19:00:00","2024-12-31 19:00:00"
TSP-25310-S,5071502145,available,0.00,false,"2024-12-31 19:00:00","2024-12-31 19:00:00"
TSP-25310-M,5071502146,available,0.00,false,"2024-12-31 19:00:00","2024-12-31 19:00:00"
TSP-25310-L,5071502147,available,0.00,false,"2024-12-31 19:00:00","2024-12-31 19:00:00"
TSP-25310-XL,5071502148,available,0.00,false,"2024-12-31 19:00:00","2024-12-31 19:00:00"
TSP-25310-S,5071502149,available,0.00,false,"2024-12-31 19:00:00","2024-12-31 19:00:00"
TSP-25310-M,5071502150,available,0.00,false,"2024-12-31 19:00:00","2024-12-31 19:00:00"
TSP-25310-L,5071502151,available,0.00,false,"2024-12-31 19:00:00","2024-12-31 19:00:00"
TSP-25310-XL,5071502152,available,0.00,false,"2024-12-31 19:00:00","2024-12-31 19:00:00"
TSP-25410-S,5071502153,available,0.00,false,"2024-12-31 19:00:00","2024-12-31 19:00:00"
TSP-25410-M,5071502154,available,0.00,false,"2024-12-31 19:00:00","2024-12-31 19:00:00"
TSP-25410-L,5071502155,available,0.00,false,"2024-12-31 19:00:00","2024-12-31 19:00:00"
TSP-25410-XL,5071502156,available,0.00,false,"2024-12-31 19:00:00","2024-12-31 19:00:00"
TSP-25410-S,5071502157,available,0.00,false,"2024-12-31 19:00:00","2024-12-31 19:00:00"
TSP-25410-M,5071502158,available,0.00,false,"2024-12-31 19:00:00","2024-12-31 19:00:00"
TSP-25410-L,5071502159,available,0.00,false,"2024-12-31 19:00:00","2024-12-31 19:00:00"
TSP-25410-XL,5071502160,available,0.00,false,"2024-12-31 19:00:00","2024-12-31 19:00:00"
TSP-25510-S,5071502161,available,0.00,false,"2024-12-31 19:00:00","2024-12-31 19:00:00"
TSP-25510-M,5071502162,available,0.00,false,"2024-12-31 19:00:00","2024-12-31 19:00:00"
TSP-25510-L,5071502163,available,0.00,false,"2024-12-31 19:00:00","2024-12-31 19:00:00"
TSP-25510-XL,5071502164,available,0.00,false,"2024-12-31 19:00:00","2024-12-31 19:00:00"
TSP-25510-S,5071502165,available,0.00,false,"2024-12-31 19:00:00","2024-12-31 19:00:00"
TSP-25510-M,5071502166,available,0.00,false,"2024-12-31 19:00:00","2024-12-31 19:00:00"
TSP-25510-L,5071502167,available,0.00,false,"2024-12-31 19:00:00","2024-12-31 19:00:00"
TSP-25510-XL,5071502168,available,0.00,false,"2024-12-31 19:00:00","2024-12-31 19:00:00"
TSP-25610-S,5071502169,available,0.00,false,"2024-12-31 19:00:00","2024-12-31 19:00:00"
TSP-25610-M,5071502170,available,0.00,false,"2024-12-31 19:00:00","2024-12-31 19:00:00"
TSP-25610-L,5071502171,available,0.00,false,"2024-12-31 19:00:00","2024-12-31 19:00:00"
TSP-25610-XL,5071502172,available,0.00,false,"2024-12-31 19:00:00","2024-12-31 19:00:00"
TSP-25610-S,5071502173,available,0.00,false,"2024-12-31 19:00:00","2024-12-31 19:00:00"
TSP-25610-M,5071502174,available,0.00,false,"2024-12-31 19:00:00","2024-12-31 19:00:00"
TSP-25610-L,5071502175,available,0.00,false,"2024-12-31 19:00:00","2024-12-31 19:00:00"
TSP-25610-XL,5071502176,available,0.00,false,"2024-12-31 19:00:00","2024-12-31 19:00:00"
TSP-25710-S,5071502177,available,0.00,false,"2024-12-31 19:00:00","2024-12-31 19:00:00"
TSP-25710-M,5071502178,available,0.00,false,"2024-12-31 19:00:00","2024-12-31 19:00:00"
TSP-25710-L,5071502179,available,0.00,false,"2024-12-31 19:00:00","2024-12-31 19:00:00"
TSP-25710-XL,5071502180,available,0.00,false,"2024-12-31 19:00:00","2024-12-31 19:00:00"
TSP-25710-S,5071502181,available,0.00,false,"2024-12-31 19:00:00","2024-12-31 19:00:00"
TSP-25710-M,5071502182,available,0.00,false,"2024-12-31 19:00:00","2024-12-31 19:00:00"
TSP-25710-L,5071502183,available,0.00,false,"2024-12-31 19:00:00","2024-12-31 19:00:00"
TSP-25710-XL,5071502184,available,0.00,false,"2024-12-31 19:00:00","2024-12-31 19:00:00"
TSZL-25711-S,5071502185,available,0.00,false,"2024-12-31 19:00:00","2024-12-31 19:00:00"
TSZL-25711-M,5071502186,available,0.00,false,"2024-12-31 19:00:00","2024-12-31 19:00:00"
TSZL-25711-L,5071502187,available,0.00,false,"2024-12-31 19:00:00","2024-12-31 19:00:00"
TSZL-25711-XL,5071502188,available,0.00,false,"2024-12-31 19:00:00","2024-12-31 19:00:00"
TSZL-25711-S,5071502189,available,0.00,false,"2024-12-31 19:00:00","2024-12-31 19:00:00"
TSZL-25711-M,5071502190,available,0.00,false,"2024-12-31 19:00:00","2024-12-31 19:00:00"
TSZL-25711-L,5071502191,available,0.00,false,"2024-12-31 19:00:00","2024-12-31 19:00:00"
TSZL-25711-XL,5071502192,available,0.00,false,"2024-12-31 19:00:00","2024-12-31 19:00:00"
TSZL-25712-S,5071502193,available,0.00,false,"2024-12-31 19:00:00","2024-12-31 19:00:00"
TSZL-25712-M,5071502194,available,0.00,false,"2024-12-31 19:00:00","2024-12-31 19:00:00"
TSZL-25712-L,5071502195,available,0.00,false,"2024-12-31 19:00:00","2024-12-31 19:00:00"
TSZL-25712-XL,5071502196,available,0.00,false,"2024-12-31 19:00:00","2024-12-31 19:00:00"
TSZL-25712-S,5071502197,available,0.00,false,"2024-12-31 19:00:00","2024-12-31 19:00:00"
TSZL-25712-M,5071502198,available,0.00,false,"2024-12-31 19:00:00","2024-12-31 19:00:00"
TSZL-25712-L,5071502199,available,0.00,false,"2024-12-31 19:00:00","2024-12-31 19:00:00"
TSZL-25712-XL,5071502200,available,0.00,false,"2024-12-31 19:00:00","2024-12-31 19:00:00"
TSE-25910-L,5071502201,available,0.00,false,"2024-12-31 19:00:00","2024-12-31 19:00:00"
TSE-25910-L,5071502202,available,0.00,false,"2024-12-31 19:00:00","2024-12-31 19:00:00"
TSE-25910-L,5071502203,available,0.00,false,"2024-12-31 19:00:00","2024-12-31 19:00:00"
TSE-25910-L,5071502204,available,0.00,false,"2024-12-31 19:00:00","2024-12-31 19:00:00"
TSE-25810-S,5071502205,available,0.00,false,"2024-12-31 19:00:00","2024-12-31 19:00:00"
TSE-25810-S,5071502206,available,0.00,false,"2024-12-31 19:00:00","2024-12-31 19:00:00"
TSE-25810-S,5071502207,available,0.00,false,"2024-12-31 19:00:00","2024-12-31 19:00:00"
TSE-25810-S,5071502208,available,0.00,false,"2024-12-31 19:00:00","2024-12-31 19:00:00"
TSE-25810-S,5071502209,available,0.00,false,"2024-12-31 19:00:00","2024-12-31 19:00:00"
TSE-25810-S,5071502210,available,0.00,false,"2024-12-31 19:00:00","2024-12-31 19:00:00"
TSE-25810-S,5071502211,available,0.00,false,"2024-12-31 19:00:00","2024-12-31 19:00:00"
TSE-25810-S,5071502212,available,0.00,false,"2024-12-31 19:00:00","2024-12-31 19:00:00"
TSML-250701-S,5071502213,available,0.00,false,"2024-12-31 19:00:00","2024-12-31 19:00:00"
TSML-250701-M,5071502214,available,0.00,false,"2024-12-31 19:00:00","2024-12-31 19:00:00"
TSML-250701-L,5071502215,available,0.00,false,"2024-12-31 19:00:00","2024-12-31 19:00:00"
TSML-250701-XL,5071502216,available,0.00,false,"2024-12-31 19:00:00","2024-12-31 19:00:00"
TSML-250701-S,5071502217,available,0.00,false,"2024-12-31 19:00:00","2024-12-31 19:00:00"
TSML-250701-M,5071502218,available,0.00,false,"2024-12-31 19:00:00","2024-12-31 19:00:00"
TSML-250701-L,5071502219,available,0.00,false,"2024-12-31 19:00:00","2024-12-31 19:00:00"
TSML-250701-XL,5071502220,available,0.00,false,"2024-12-31 19:00:00","2024-12-31 19:00:00"
TSML-250702-S,5071502221,available,0.00,false,"2024-12-31 19:00:00","2024-12-31 19:00:00"
TSML-250702-M,5071502222,available,0.00,false,"2024-12-31 19:00:00","2024-12-31 19:00:00"
TSML-250702-L,5071502223,available,0.00,false,"2024-12-31 19:00:00","2024-12-31 19:00:00"
TSML-250702-XL,5071502224,available,0.00,false,"2024-12-31 19:00:00","2024-12-31 19:00:00"
TSML-250702-S,5071502225,available,0.00,false,"2024-12-31 19:00:00","2024-12-31 19:00:00"
TSML-250702-M,5071502226,available,0.00,false,"2024-12-31 19:00:00","2024-12-31 19:00:00"
TSML-250702-L,5071502227,available,0.00,false,"2024-12-31 19:00:00","2024-12-31 19:00:00"
TSML-250702-XL,5071502228,available,0.00,false,"2024-12-31 19:00:00","2024-12-31 19:00:00"
FCZ-08-S,5071502229,available,0.00,false,"2024-12-31 19:00:00","2024-12-31 19:00:00"
FCZ-08-M,5071502230,available,0.00,false,"2024-12-31 19:00:00","2024-12-31 19:00:00"
FCZ-08-L,5071502231,available,0.00,false,"2024-12-31 19:00:00","2024-12-31 19:00:00"
FCZ-08-XL,5071502232,available,0.00,false,"2024-12-31 19:00:00","2024-12-31 19:00:00"
TSML-250703-S,5071502233,available,0.00,false,"2024-12-31 19:00:00","2024-12-31 19:00:00"
TSML-250703-M,5071502234,available,0.00,false,"2024-12-31 19:00:00","2024-12-31 19:00:00"
TSML-250703-L,5071502235,available,0.00,false,"2024-12-31 19:00:00","2024-12-31 19:00:00"
TSML-250703-XL,5071502236,available,0.00,false,"2024-12-31 19:00:00","2024-12-31 19:00:00"
TSML-250703-S,5071502237,available,0.00,false,"2024-12-31 19:00:00","2024-12-31 19:00:00"
TSML-250703-M,5071502238,available,0.00,false,"2024-12-31 19:00:00","2024-12-31 19:00:00"
TSML-250703-L,5071502239,available,0.00,false,"2024-12-31 19:00:00","2024-12-31 19:00:00"
TSML-250703-XL,5071502240,available,0.00,false,"2024-12-31 19:00:00","2024-12-31 19:00:00"
TSML-250704-S,5071502241,available,0.00,false,"2024-12-31 19:00:00","2024-12-31 19:00:00"
TSML-250704-M,5071502242,available,0.00,false,"2024-12-31 19:00:00","2024-12-31 19:00:00"
TSML-250704-L,5071502243,available,0.00,false,"2024-12-31 19:00:00","2024-12-31 19:00:00"
TSML-250704-XL,5071502244,available,0.00,false,"2024-12-31 19:00:00","2024-12-31 19:00:00"
TSML-250704-S,5071502245,available,0.00,false,"2024-12-31 19:00:00","2024-12-31 19:00:00"
TSML-250704-M,5071502246,available,0.00,false,"2024-12-31 19:00:00","2024-12-31 19:00:00"
TSML-250704-L,5071502247,available,0.00,false,"2024-12-31 19:00:00","2024-12-31 19:00:00"
TSML-250704-XL,5071502248,available,0.00,false,"2024-12-31 19:00:00","2024-12-31 19:00:00"
TSML-250705-S,5071502249,available,0.00,false,"2024-12-31 19:00:00","2024-12-31 19:00:00"
TSML-250705-M,5071502250,available,0.00,false,"2024-12-31 19:00:00","2024-12-31 19:00:00"
TSML-250705-L,5071502251,available,0.00,false,"2024-12-31 19:00:00","2024-12-31 19:00:00"
TSML-250705-XL,5071502252,available,0.00,false,"2024-12-31 19:00:00","2024-12-31 19:00:00"
TSML-250705-M,5071502254,available,0.00,false,"2024-12-31 19:00:00","2024-12-31 19:00:00"
TSML-250705-XL,5071502256,available,0.00,false,"2024-12-31 19:00:00","2024-12-31 19:00:00"
TSML-250706-S,5071502257,available,0.00,false,"2024-12-31 19:00:00","2024-12-31 19:00:00"
TSML-250706-M,5071502258,available,0.00,false,"2024-12-31 19:00:00","2024-12-31 19:00:00"
TSML-250706-L,5071502259,available,0.00,false,"2024-12-31 19:00:00","2024-12-31 19:00:00"
TSML-250706-XL,5071502260,available,0.00,false,"2024-12-31 19:00:00","2024-12-31 19:00:00"
TSML-250706-M,5071502262,available,0.00,false,"2024-12-31 19:00:00","2024-12-31 19:00:00"
TSML-250706-L,5071502263,available,0.00,false,"2024-12-31 19:00:00","2024-12-31 19:00:00"
TSML-250707-S,5071502265,available,0.00,false,"2024-12-31 19:00:00","2024-12-31 19:00:00"
TSML-250707-M,5071502266,available,0.00,false,"2024-12-31 19:00:00","2024-12-31 19:00:00"
TSML-250707-L,5071502267,available,0.00,false,"2024-12-31 19:00:00","2024-12-31 19:00:00"
TSML-250707-S,5071502269,available,0.00,false,"2024-12-31 19:00:00","2024-12-31 19:00:00"
TSML-250707-M,5071502270,available,0.00,false,"2024-12-31 19:00:00","2024-12-31 19:00:00"
TSML-250707-L,5071502271,available,0.00,false,"2024-12-31 19:00:00","2024-12-31 19:00:00"
FW25-0601-S,5071502273,available,0.00,false,"2024-12-31 19:00:00","2024-12-31 19:00:00"
FW25-0601-M,5071502274,available,0.00,false,"2024-12-31 19:00:00","2024-12-31 19:00:00"
FW25-0601-L,5071502275,available,0.00,false,"2024-12-31 19:00:00","2024-12-31 19:00:00"
FW25-0601-XL,5071502276,available,0.00,false,"2024-12-31 19:00:00","2024-12-31 19:00:00"
FW25-0601-S,5071502277,available,0.00,false,"2024-12-31 19:00:00","2024-12-31 19:00:00"
FW25-0601-M,5071502278,available,0.00,false,"2024-12-31 19:00:00","2024-12-31 19:00:00"
FW25-0601-L,5071502279,available,0.00,false,"2024-12-31 19:00:00","2024-12-31 19:00:00"
FW25-0601-XL,5071502280,available,0.00,false,"2024-12-31 19:00:00","2024-12-31 19:00:00"
FW25-01001-S,5071502281,available,0.00,false,"2024-12-31 19:00:00","2024-12-31 19:00:00"
FW25-01001-M,5071502282,available,0.00,false,"2024-12-31 19:00:00","2024-12-31 19:00:00"
FW25-01001-L,5071502283,available,0.00,false,"2024-12-31 19:00:00","2024-12-31 19:00:00"
FW25-01001-XL,5071502284,available,0.00,false,"2024-12-31 19:00:00","2024-12-31 19:00:00"
FW25-01001-S,5071502285,available,0.00,false,"2024-12-31 19:00:00","2024-12-31 19:00:00"
FW25-01001-M,5071502286,available,0.00,false,"2024-12-31 19:00:00","2024-12-31 19:00:00"
FW25-01001-L,5071502287,available,0.00,false,"2024-12-31 19:00:00","2024-12-31 19:00:00"
FW25-01001-XL,5071502288,available,0.00,false,"2024-12-31 19:00:00","2024-12-31 19:00:00"
TSP-25710-S,5071502289,available,0.00,false,"2024-12-31 19:00:00","2024-12-31 19:00:00"
TSP-25710-M,5071502290,available,0.00,false,"2024-12-31 19:00:00","2024-12-31 19:00:00"
TSP-25710-L,5071502291,available,0.00,false,"2024-12-31 19:00:00","2024-12-31 19:00:00"
TSP-25710-XL,5071502292,available,0.00,false,"2024-12-31 19:00:00","2024-12-31 19:00:00"
TSP-25710-S,5071502293,available,0.00,false,"2024-12-31 19:00:00","2024-12-31 19:00:00"
TSP-25710-M,5071502294,available,0.00,false,"2024-12-31 19:00:00","2024-12-31 19:00:00"
TSP-25710-L,5071502295,available,0.00,false,"2024-12-31 19:00:00","2024-12-31 19:00:00"
TSP-25710-XL,5071502296,available,0.00,false,"2024-12-31 19:00:00","2024-12-31 19:00:00"
TSP-25610-S,5071502297,available,0.00,false,"2024-12-31 19:00:00","2024-12-31 19:00:00"
TSP-25610-M,5071502298,available,0.00,false,"2024-12-31 19:00:00","2024-12-31 19:00:00"
TSP-25610-L,5071502299,available,0.00,false,"2024-12-31 19:00:00","2024-12-31 19:00:00"
TSP-25610-XL,5071502300,available,0.00,false,"2024-12-31 19:00:00","2024-12-31 19:00:00"
TSP-25610-S,5071502301,available,0.00,false,"2024-12-31 19:00:00","2024-12-31 19:00:00"
TSP-25610-M,5071502302,available,0.00,false,"2024-12-31 19:00:00","2024-12-31 19:00:00"
TSP-25610-L,5071502303,available,0.00,false,"2024-12-31 19:00:00","2024-12-31 19:00:00"
TSP-25610-XL,5071502304,available,0.00,false,"2024-12-31 19:00:00","2024-12-31 19:00:00"
TSP-25310-S,5071502305,available,0.00,false,"2024-12-31 19:00:00","2024-12-31 19:00:00"
TSP-25310-M,5071502306,available,0.00,false,"2024-12-31 19:00:00","2024-12-31 19:00:00"
TSP-25310-L,5071502307,available,0.00,false,"2024-12-31 19:00:00","2024-12-31 19:00:00"
TSP-25310-XL,5071502308,available,0.00,false,"2024-12-31 19:00:00","2024-12-31 19:00:00"
TSP-25310-S,5071502309,available,0.00,false,"2024-12-31 19:00:00","2024-12-31 19:00:00"
TSP-25310-M,5071502310,available,0.00,false,"2024-12-31 19:00:00","2024-12-31 19:00:00"
TSP-25310-L,5071502311,available,0.00,false,"2024-12-31 19:00:00","2024-12-31 19:00:00"
TSP-25310-XL,5071502312,available,0.00,false,"2024-12-31 19:00:00","2024-12-31 19:00:00"
